table_name,column_name,datatype,unit,description
des_dr2.mag,alphawin_j2000,adql:DOUBLE,degrees,"right ascension for the object, j2000 in icrs system (full precision but not indexed) [degrees]"
des_dr2.mag,coadd_object_id,adql:BIGINT,,unique identifier for the coadded objects
des_dr2.mag,dec,adql:DOUBLE,degrees,"declination, with quantized precision for indexing (deltawin_j2000 has full precision but not indexed) [degrees]"
des_dr2.mag,deltawin_j2000,adql:DOUBLE,degrees,"declination for the object, j2000 in icrs system (full precision but not indexed) [degrees]"
des_dr2.mag,ebv_sfd98,adql:DOUBLE,mag,"e(b-v) reddening coefficient from schlegel, finkbeiner & davis, 1998 [mag]"
des_dr2.mag,flags_g,adql:SMALLINT,,g-band additive flag describing cautionary advice about source extraction process. use less than 4 for well behaved objects
des_dr2.mag,flags_i,adql:SMALLINT,,i-band additive flag describing cautionary advice about source extraction process. use less than 4 for well behaved objects
des_dr2.mag,flags_r,adql:SMALLINT,,r-band additive flag describing cautionary advice about source extraction process. use less than 4 for well behaved objects
des_dr2.mag,flags_y,adql:SMALLINT,,y-band additive flag describing cautionary advice about source extraction process. use less than 4 for well behaved objects
des_dr2.mag,flags_z,adql:SMALLINT,,z-band additive flag describing cautionary advice about source extraction process. use less than 4 for well behaved objects
des_dr2.mag,hpix_1024,adql:BIGINT,,"healpix identifier for nside=1024 grid size, in a nested schema"
des_dr2.mag,hpix_16384,adql:BIGINT,,"healpix identifier for nside=16384 grid size, in a nested schema"
des_dr2.mag,hpix_32,adql:BIGINT,,"healpix identifier for nside=32 grid size, in a nested schema"
des_dr2.mag,hpix_4096,adql:BIGINT,,"healpix identifier for nside=4096 grid size, in a nested schema"
des_dr2.mag,hpix_64,adql:BIGINT,,"healpix identifier for nside=64 grid size, in a nested schema"
des_dr2.mag,imaflags_iso_g,adql:INTEGER,,"g-band flag identifying sources with missing/flagged pixels, considering all single epoch images"
des_dr2.mag,imaflags_iso_i,adql:INTEGER,,"i-band flag identifying sources with missing/flagged pixels, considering all single epoch images"
des_dr2.mag,imaflags_iso_r,adql:INTEGER,,"r-band flag identifying sources with missing/flagged pixels, considering all single epoch images"
des_dr2.mag,imaflags_iso_y,adql:INTEGER,,"y-band flag identifying sources with missing/flagged pixels, considering all single epoch images"
des_dr2.mag,imaflags_iso_z,adql:INTEGER,,"z-band flag identifying sources with missing/flagged pixels, considering all single epoch images"
des_dr2.mag,magerr_aper_10_g,adql:REAL,mag,"aperture 10 equivalent to 29.63 [pixel], g-band uncertainty in magnitude estimation for circular apertures [mag]"
des_dr2.mag,magerr_aper_10_i,adql:REAL,mag,"aperture 10 equivalent to 29.63 [pixel], i-band uncertainty in magnitude estimation for circular apertures [mag]"
des_dr2.mag,magerr_aper_10_r,adql:REAL,mag,"aperture 10 equivalent to 29.63 [pixel], r-band uncertainty in magnitude estimation for circular apertures [mag]"
des_dr2.mag,magerr_aper_10_y,adql:REAL,mag,"aperture 10 equivalent to 29.63 [pixel], y-band uncertainty in magnitude estimation for circular apertures [mag]"
des_dr2.mag,magerr_aper_10_z,adql:REAL,mag,"aperture 10 equivalent to 29.63 [pixel], z-band uncertainty in magnitude estimation for circular apertures [mag]"
des_dr2.mag,magerr_aper_11_g,adql:REAL,mag,"aperture 11 equivalent to 44.44 [pixel], g-band uncertainty in magnitude estimation for circular apertures [mag]"
des_dr2.mag,magerr_aper_11_i,adql:REAL,mag,"aperture 11 equivalent to 44.44 [pixel], i-band uncertainty in magnitude estimation for circular apertures [mag]"
des_dr2.mag,magerr_aper_11_r,adql:REAL,mag,"aperture 11 equivalent to 44.44 [pixel], r-band uncertainty in magnitude estimation for circular apertures [mag]"
des_dr2.mag,magerr_aper_11_y,adql:REAL,mag,"aperture 11 equivalent to 44.44 [pixel], y-band uncertainty in magnitude estimation for circular apertures [mag]"
des_dr2.mag,magerr_aper_11_z,adql:REAL,mag,"aperture 11 equivalent to 44.44 [pixel], z-band uncertainty in magnitude estimation for circular apertures [mag]"
des_dr2.mag,magerr_aper_12_g,adql:REAL,mag,"aperture 12 equivalent to 66.67 [pixel], g-band uncertainty in magnitude estimation for circular apertures [mag]"
des_dr2.mag,magerr_aper_12_i,adql:REAL,mag,"aperture 12 equivalent to 66.67 [pixel], i-band uncertainty in magnitude estimation for circular apertures [mag]"
des_dr2.mag,magerr_aper_12_r,adql:REAL,mag,"aperture 12 equivalent to 66.67 [pixel], r-band uncertainty in magnitude estimation for circular apertures [mag]"
des_dr2.mag,magerr_aper_12_y,adql:REAL,mag,"aperture 12 equivalent to 66.67 [pixel], y-band uncertainty in magnitude estimation for circular apertures [mag]"
des_dr2.mag,magerr_aper_12_z,adql:REAL,mag,"aperture 12 equivalent to 66.67 [pixel], z-band uncertainty in magnitude estimation for circular apertures [mag]"
des_dr2.mag,magerr_aper_1_g,adql:REAL,mag,"aperture 1 equivalent to 1.85 [pixel], g-band uncertainty in magnitude estimation for circular apertures [mag]"
des_dr2.mag,magerr_aper_1_i,adql:REAL,mag,"aperture 1 equivalent to 1.85 [pixel], i-band uncertainty in magnitude estimation for circular apertures [mag]"
des_dr2.mag,magerr_aper_1_r,adql:REAL,mag,"aperture 1 equivalent to 1.85 [pixel], r-band uncertainty in magnitude estimation for circular apertures [mag]"
des_dr2.mag,magerr_aper_1_y,adql:REAL,mag,"aperture 1 equivalent to 1.85 [pixel], y-band uncertainty in magnitude estimation for circular apertures [mag]"
des_dr2.mag,magerr_aper_1_z,adql:REAL,mag,"aperture 1 equivalent to 1.85 [pixel], z-band uncertainty in magnitude estimation for circular apertures [mag]"
des_dr2.mag,magerr_aper_2_g,adql:REAL,mag,"aperture 2 equivalent to 3.7 [pixel], g-band uncertainty in magnitude estimation for circular apertures [mag]"
des_dr2.mag,magerr_aper_2_i,adql:REAL,mag,"aperture 2 equivalent to 3.7 [pixel], i-band uncertainty in magnitude estimation for circular apertures [mag]"
des_dr2.mag,magerr_aper_2_r,adql:REAL,mag,"aperture 2 equivalent to 3.7 [pixel], r-band uncertainty in magnitude estimation for circular apertures [mag]"
des_dr2.mag,magerr_aper_2_y,adql:REAL,mag,"aperture 2 equivalent to 3.7 [pixel], y-band uncertainty in magnitude estimation for circular apertures [mag]"
des_dr2.mag,magerr_aper_2_z,adql:REAL,mag,"aperture 2 equivalent to 3.7 [pixel], z-band uncertainty in magnitude estimation for circular apertures [mag]"
des_dr2.mag,magerr_aper_3_g,adql:REAL,mag,"aperture 3 equivalent to 5.55 [pixel], g-band uncertainty in magnitude estimation for circular apertures [mag]"
des_dr2.mag,magerr_aper_3_i,adql:REAL,mag,"aperture 3 equivalent to 5.55 [pixel], i-band uncertainty in magnitude estimation for circular apertures [mag]"
des_dr2.mag,magerr_aper_3_r,adql:REAL,mag,"aperture 3 equivalent to 5.55 [pixel], r-band uncertainty in magnitude estimation for circular apertures [mag]"
des_dr2.mag,magerr_aper_3_y,adql:REAL,mag,"aperture 3 equivalent to 5.55 [pixel], y-band uncertainty in magnitude estimation for circular apertures [mag]"
des_dr2.mag,magerr_aper_3_z,adql:REAL,mag,"aperture 3 equivalent to 5.55 [pixel], z-band uncertainty in magnitude estimation for circular apertures [mag]"
des_dr2.mag,magerr_aper_4_g,adql:REAL,mag,"aperture 4 equivalent to 7.41 [pixel], g-band uncertainty in magnitude estimation for circular apertures [mag]"
des_dr2.mag,magerr_aper_4_i,adql:REAL,mag,"aperture 4 equivalent to 7.41 [pixel], i-band uncertainty in magnitude estimation for circular apertures [mag]"
des_dr2.mag,magerr_aper_4_r,adql:REAL,mag,"aperture 4 equivalent to 7.41 [pixel], r-band uncertainty in magnitude estimation for circular apertures [mag]"
des_dr2.mag,magerr_aper_4_y,adql:REAL,mag,"aperture 4 equivalent to 7.41 [pixel], y-band uncertainty in magnitude estimation for circular apertures [mag]"
des_dr2.mag,magerr_aper_4_z,adql:REAL,mag,"aperture 4 equivalent to 7.41 [pixel], z-band uncertainty in magnitude estimation for circular apertures [mag]"
des_dr2.mag,magerr_aper_5_g,adql:REAL,mag,"aperture 5 equivalent to 11.11 [pixel], g-band uncertainty in magnitude estimation for circular apertures [mag]"
des_dr2.mag,magerr_aper_5_i,adql:REAL,mag,"aperture 5 equivalent to 11.11 [pixel], i-band uncertainty in magnitude estimation for circular apertures [mag]"
des_dr2.mag,magerr_aper_5_r,adql:REAL,mag,"aperture 5 equivalent to 11.11 [pixel], r-band uncertainty in magnitude estimation for circular apertures [mag]"
des_dr2.mag,magerr_aper_5_y,adql:REAL,mag,"aperture 5 equivalent to 11.11 [pixel], y-band uncertainty in magnitude estimation for circular apertures [mag]"
des_dr2.mag,magerr_aper_5_z,adql:REAL,mag,"aperture 5 equivalent to 11.11 [pixel], z-band uncertainty in magnitude estimation for circular apertures [mag]"
des_dr2.mag,magerr_aper_6_g,adql:REAL,mag,"aperture 6 equivalent to 14.81 [pixel], g-band uncertainty in magnitude estimation for circular apertures [mag]"
des_dr2.mag,magerr_aper_6_i,adql:REAL,mag,"aperture 6 equivalent to 14.81 [pixel], i-band uncertainty in magnitude estimation for circular apertures [mag]"
des_dr2.mag,magerr_aper_6_r,adql:REAL,mag,"aperture 6 equivalent to 14.81 [pixel], r-band uncertainty in magnitude estimation for circular apertures [mag]"
des_dr2.mag,magerr_aper_6_y,adql:REAL,mag,"aperture 6 equivalent to 14.81 [pixel], y-band uncertainty in magnitude estimation for circular apertures [mag]"
des_dr2.mag,magerr_aper_6_z,adql:REAL,mag,"aperture 6 equivalent to 14.81 [pixel], z-band uncertainty in magnitude estimation for circular apertures [mag]"
des_dr2.mag,magerr_aper_7_g,adql:REAL,mag,"aperture 7 equivalent to 18.52 [pixel], g-band uncertainty in magnitude estimation for circular apertures [mag]"
des_dr2.mag,magerr_aper_7_i,adql:REAL,mag,"aperture 7 equivalent to 18.52 [pixel], i-band uncertainty in magnitude estimation for circular apertures [mag]"
des_dr2.mag,magerr_aper_7_r,adql:REAL,mag,"aperture 7 equivalent to 18.52 [pixel], r-band uncertainty in magnitude estimation for circular apertures [mag]"
des_dr2.mag,magerr_aper_7_y,adql:REAL,mag,"aperture 7 equivalent to 18.52 [pixel], y-band uncertainty in magnitude estimation for circular apertures [mag]"
des_dr2.mag,magerr_aper_7_z,adql:REAL,mag,"aperture 7 equivalent to 18.52 [pixel], z-band uncertainty in magnitude estimation for circular apertures [mag]"
des_dr2.mag,magerr_aper_8_g,adql:REAL,mag,"aperture 8 equivalent to 22.22 [pixel], g-band uncertainty in magnitude estimation for circular apertures [mag]"
des_dr2.mag,magerr_aper_8_i,adql:REAL,mag,"aperture 8 equivalent to 22.22 [pixel], i-band uncertainty in magnitude estimation for circular apertures [mag]"
des_dr2.mag,magerr_aper_8_r,adql:REAL,mag,"aperture 8 equivalent to 22.22 [pixel], r-band uncertainty in magnitude estimation for circular apertures [mag]"
des_dr2.mag,magerr_aper_8_y,adql:REAL,mag,"aperture 8 equivalent to 22.22 [pixel], y-band uncertainty in magnitude estimation for circular apertures [mag]"
des_dr2.mag,magerr_aper_8_z,adql:REAL,mag,"aperture 8 equivalent to 22.22 [pixel], z-band uncertainty in magnitude estimation for circular apertures [mag]"
des_dr2.mag,magerr_aper_9_g,adql:REAL,mag,"aperture 9 equivalent to 25.93 [pixel], g-band uncertainty in magnitude estimation for circular apertures [mag]"
des_dr2.mag,magerr_aper_9_i,adql:REAL,mag,"aperture 9 equivalent to 25.93 [pixel], i-band uncertainty in magnitude estimation for circular apertures [mag]"
des_dr2.mag,magerr_aper_9_r,adql:REAL,mag,"aperture 9 equivalent to 25.93 [pixel], r-band uncertainty in magnitude estimation for circular apertures [mag]"
des_dr2.mag,magerr_aper_9_y,adql:REAL,mag,"aperture 9 equivalent to 25.93 [pixel], y-band uncertainty in magnitude estimation for circular apertures [mag]"
des_dr2.mag,magerr_aper_9_z,adql:REAL,mag,"aperture 9 equivalent to 25.93 [pixel], z-band uncertainty in magnitude estimation for circular apertures [mag]"
des_dr2.mag,magerr_auto_g,adql:REAL,mag,"g-band uncertainty in magnitude estimation, for an elliptical model based on the kron radius [mag]"
des_dr2.mag,magerr_auto_i,adql:REAL,mag,"i-band uncertainty in magnitude estimation, for an elliptical model based on the kron radius [mag]"
des_dr2.mag,magerr_auto_r,adql:REAL,mag,"r-band uncertainty in magnitude estimation, for an elliptical model based on the kron radius [mag]"
des_dr2.mag,magerr_auto_y,adql:REAL,mag,"y-band uncertainty in magnitude estimation, for an elliptical model based on the kron radius [mag]"
des_dr2.mag,magerr_auto_z,adql:REAL,mag,"z-band uncertainty in magnitude estimation, for an elliptical model based on the kron radius [mag]"
des_dr2.mag,magerr_petro_g,adql:REAL,mag,g-band uncertainty in magnitude for a petrosian radius [mag]
des_dr2.mag,magerr_petro_i,adql:REAL,mag,i-band uncertainty in magnitude for a petrosian radius [mag]
des_dr2.mag,magerr_petro_r,adql:REAL,mag,r-band uncertainty in magnitude for a petrosian radius [mag]
des_dr2.mag,magerr_petro_y,adql:REAL,mag,y-band uncertainty in magnitude for a petrosian radius [mag]
des_dr2.mag,magerr_petro_z,adql:REAL,mag,z-band uncertainty in magnitude for a petrosian radius [mag]
des_dr2.mag,mag_aper_10_g,adql:REAL,mag,"aperture 10 equivalent to 29.63 [pixel], g-band magnitude estimation for circular apertures [mag]"
des_dr2.mag,mag_aper_10_i,adql:REAL,mag,"aperture 10 equivalent to 29.63 [pixel], i-band magnitude estimation for circular apertures [mag]"
des_dr2.mag,mag_aper_10_r,adql:REAL,mag,"aperture 10 equivalent to 29.63 [pixel], r-band magnitude estimation for circular apertures [mag]"
des_dr2.mag,mag_aper_10_y,adql:REAL,mag,"aperture 10 equivalent to 29.63 [pixel], y-band magnitude estimation for circular apertures [mag]"
des_dr2.mag,mag_aper_10_z,adql:REAL,mag,"aperture 10 equivalent to 29.63 [pixel], z-band magnitude estimation for circular apertures [mag]"
des_dr2.mag,mag_aper_11_g,adql:REAL,mag,"aperture 11 equivalent to 44.44 [pixel], g-band magnitude estimation for circular apertures [mag]"
des_dr2.mag,mag_aper_11_i,adql:REAL,mag,"aperture 11 equivalent to 44.44 [pixel], i-band magnitude estimation for circular apertures [mag]"
des_dr2.mag,mag_aper_11_r,adql:REAL,mag,"aperture 11 equivalent to 44.44 [pixel], r-band magnitude estimation for circular apertures [mag]"
des_dr2.mag,mag_aper_11_y,adql:REAL,mag,"aperture 11 equivalent to 44.44 [pixel], y-band magnitude estimation for circular apertures [mag]"
des_dr2.mag,mag_aper_11_z,adql:REAL,mag,"aperture 11 equivalent to 44.44 [pixel], z-band magnitude estimation for circular apertures [mag]"
des_dr2.mag,mag_aper_12_g,adql:REAL,mag,"aperture 12 equivalent to 66.67 [pixel], g-band magnitude estimation for circular apertures [mag]"
des_dr2.mag,mag_aper_12_i,adql:REAL,mag,"aperture 12 equivalent to 66.67 [pixel], i-band magnitude estimation for circular apertures [mag]"
des_dr2.mag,mag_aper_12_r,adql:REAL,mag,"aperture 12 equivalent to 66.67 [pixel], r-band magnitude estimation for circular apertures [mag]"
des_dr2.mag,mag_aper_12_y,adql:REAL,mag,"aperture 12 equivalent to 66.67 [pixel], y-band magnitude estimation for circular apertures [mag]"
des_dr2.mag,mag_aper_12_z,adql:REAL,mag,"aperture 12 equivalent to 66.67 [pixel], z-band magnitude estimation for circular apertures [mag]"
des_dr2.mag,mag_aper_1_g,adql:REAL,mag,"aperture 1 equivalent to 1.85 [pixel], g-band magnitude estimation for circular apertures [mag]"
des_dr2.mag,mag_aper_1_i,adql:REAL,mag,"aperture 1 equivalent to 1.85 [pixel], i-band magnitude estimation for circular apertures [mag]"
des_dr2.mag,mag_aper_1_r,adql:REAL,mag,"aperture 1 equivalent to 1.85 [pixel], r-band magnitude estimation for circular apertures [mag]"
des_dr2.mag,mag_aper_1_y,adql:REAL,mag,"aperture 1 equivalent to 1.85 [pixel], y-band magnitude estimation for circular apertures [mag]"
des_dr2.mag,mag_aper_1_z,adql:REAL,mag,"aperture 1 equivalent to 1.85 [pixel], z-band magnitude estimation for circular apertures [mag]"
des_dr2.mag,mag_aper_2_g,adql:REAL,mag,"aperture 2 equivalent to 3.7 [pixel], g-band magnitude estimation for circular apertures [mag]"
des_dr2.mag,mag_aper_2_i,adql:REAL,mag,"aperture 2 equivalent to 3.7 [pixel], i-band magnitude estimation for circular apertures [mag]"
des_dr2.mag,mag_aper_2_r,adql:REAL,mag,"aperture 2 equivalent to 3.7 [pixel], r-band magnitude estimation for circular apertures [mag]"
des_dr2.mag,mag_aper_2_y,adql:REAL,mag,"aperture 2 equivalent to 3.7 [pixel], y-band magnitude estimation for circular apertures [mag]"
des_dr2.mag,mag_aper_2_z,adql:REAL,mag,"aperture 2 equivalent to 3.7 [pixel], z-band magnitude estimation for circular apertures [mag]"
des_dr2.mag,mag_aper_3_g,adql:REAL,mag,"aperture 3 equivalent to 5.55 [pixel], g-band magnitude estimation for circular apertures [mag]"
des_dr2.mag,mag_aper_3_i,adql:REAL,mag,"aperture 3 equivalent to 5.55 [pixel], i-band magnitude estimation for circular apertures [mag]"
des_dr2.mag,mag_aper_3_r,adql:REAL,mag,"aperture 3 equivalent to 5.55 [pixel], r-band magnitude estimation for circular apertures [mag]"
des_dr2.mag,mag_aper_3_y,adql:REAL,mag,"aperture 3 equivalent to 5.55 [pixel], y-band magnitude estimation for circular apertures [mag]"
des_dr2.mag,mag_aper_3_z,adql:REAL,mag,"aperture 3 equivalent to 5.55 [pixel], z-band magnitude estimation for circular apertures [mag]"
des_dr2.mag,mag_aper_4_g,adql:REAL,mag,"aperture 4 equivalent to 7.41 [pixel], g-band magnitude estimation for circular apertures [mag]"
des_dr2.mag,mag_aper_4_i,adql:REAL,mag,"aperture 4 equivalent to 7.41 [pixel], i-band magnitude estimation for circular apertures [mag]"
des_dr2.mag,mag_aper_4_r,adql:REAL,mag,"aperture 4 equivalent to 7.41 [pixel], r-band magnitude estimation for circular apertures [mag]"
des_dr2.mag,mag_aper_4_y,adql:REAL,mag,"aperture 4 equivalent to 7.41 [pixel], y-band magnitude estimation for circular apertures [mag]"
des_dr2.mag,mag_aper_4_z,adql:REAL,mag,"aperture 4 equivalent to 7.41 [pixel], z-band magnitude estimation for circular apertures [mag]"
des_dr2.mag,mag_aper_5_g,adql:REAL,mag,"aperture 5 equivalent to 11.11 [pixel], g-band magnitude estimation for circular apertures [mag]"
des_dr2.mag,mag_aper_5_i,adql:REAL,mag,"aperture 5 equivalent to 11.11 [pixel], i-band magnitude estimation for circular apertures [mag]"
des_dr2.mag,mag_aper_5_r,adql:REAL,mag,"aperture 5 equivalent to 11.11 [pixel], r-band magnitude estimation for circular apertures [mag]"
des_dr2.mag,mag_aper_5_y,adql:REAL,mag,"aperture 5 equivalent to 11.11 [pixel], y-band magnitude estimation for circular apertures [mag]"
des_dr2.mag,mag_aper_5_z,adql:REAL,mag,"aperture 5 equivalent to 11.11 [pixel], z-band magnitude estimation for circular apertures [mag]"
des_dr2.mag,mag_aper_6_g,adql:REAL,mag,"aperture 6 equivalent to 14.81 [pixel], g-band magnitude estimation for circular apertures [mag]"
des_dr2.mag,mag_aper_6_i,adql:REAL,mag,"aperture 6 equivalent to 14.81 [pixel], i-band magnitude estimation for circular apertures [mag]"
des_dr2.mag,mag_aper_6_r,adql:REAL,mag,"aperture 6 equivalent to 14.81 [pixel], r-band magnitude estimation for circular apertures [mag]"
des_dr2.mag,mag_aper_6_y,adql:REAL,mag,"aperture 6 equivalent to 14.81 [pixel], y-band magnitude estimation for circular apertures [mag]"
des_dr2.mag,mag_aper_6_z,adql:REAL,mag,"aperture 6 equivalent to 14.81 [pixel], z-band magnitude estimation for circular apertures [mag]"
des_dr2.mag,mag_aper_7_g,adql:REAL,mag,"aperture 7 equivalent to 18.52 [pixel], g-band magnitude estimation for circular apertures [mag]"
des_dr2.mag,mag_aper_7_i,adql:REAL,mag,"aperture 7 equivalent to 18.52 [pixel], i-band magnitude estimation for circular apertures [mag]"
des_dr2.mag,mag_aper_7_r,adql:REAL,mag,"aperture 7 equivalent to 18.52 [pixel], r-band magnitude estimation for circular apertures [mag]"
des_dr2.mag,mag_aper_7_y,adql:REAL,mag,"aperture 7 equivalent to 18.52 [pixel], y-band magnitude estimation for circular apertures [mag]"
des_dr2.mag,mag_aper_7_z,adql:REAL,mag,"aperture 7 equivalent to 18.52 [pixel], z-band magnitude estimation for circular apertures [mag]"
des_dr2.mag,mag_aper_8_g,adql:REAL,mag,"aperture 8 equivalent to 22.22 [pixel], g-band magnitude estimation for circular apertures [mag]"
des_dr2.mag,mag_aper_8_i,adql:REAL,mag,"aperture 8 equivalent to 22.22 [pixel], i-band magnitude estimation for circular apertures [mag]"
des_dr2.mag,mag_aper_8_r,adql:REAL,mag,"aperture 8 equivalent to 22.22 [pixel], r-band magnitude estimation for circular apertures [mag]"
des_dr2.mag,mag_aper_8_y,adql:REAL,mag,"aperture 8 equivalent to 22.22 [pixel], y-band magnitude estimation for circular apertures [mag]"
des_dr2.mag,mag_aper_8_z,adql:REAL,mag,"aperture 8 equivalent to 22.22 [pixel], z-band magnitude estimation for circular apertures [mag]"
des_dr2.mag,mag_aper_9_g,adql:REAL,mag,"aperture 9 equivalent to 25.93 [pixel], g-band magnitude estimation for circular apertures [mag]"
des_dr2.mag,mag_aper_9_i,adql:REAL,mag,"aperture 9 equivalent to 25.93 [pixel], i-band magnitude estimation for circular apertures [mag]"
des_dr2.mag,mag_aper_9_r,adql:REAL,mag,"aperture 9 equivalent to 25.93 [pixel], r-band magnitude estimation for circular apertures [mag]"
des_dr2.mag,mag_aper_9_y,adql:REAL,mag,"aperture 9 equivalent to 25.93 [pixel], y-band magnitude estimation for circular apertures [mag]"
des_dr2.mag,mag_aper_9_z,adql:REAL,mag,"aperture 9 equivalent to 25.93 [pixel], z-band magnitude estimation for circular apertures [mag]"
des_dr2.mag,mag_auto_g,adql:REAL,mag,"g-band magnitude estimation, for an elliptical model based on the kron radius [mag]"
des_dr2.mag,mag_auto_i,adql:REAL,mag,"i-band magnitude estimation, for an elliptical model based on the kron radius [mag]"
des_dr2.mag,mag_auto_r,adql:REAL,mag,"r-band magnitude estimation, for an elliptical model based on the kron radius [mag]"
des_dr2.mag,mag_auto_y,adql:REAL,mag,"y-band magnitude estimation, for an elliptical model based on the kron radius [mag]"
des_dr2.mag,mag_auto_z,adql:REAL,mag,"z-band magnitude estimation, for an elliptical model based on the kron radius [mag]"
des_dr2.mag,mag_petro_g,adql:REAL,mag,g-band magnitude for a petrosian radius [mag]
des_dr2.mag,mag_petro_i,adql:REAL,mag,i-band magnitude for a petrosian radius [mag]
des_dr2.mag,mag_petro_r,adql:REAL,mag,r-band magnitude for a petrosian radius [mag]
des_dr2.mag,mag_petro_y,adql:REAL,mag,y-band magnitude for a petrosian radius [mag]
des_dr2.mag,mag_petro_z,adql:REAL,mag,z-band magnitude for a petrosian radius [mag]
des_dr2.mag,petro_radius_g,adql:REAL,pixel,g-band petrosian radius [pixel]
des_dr2.mag,petro_radius_i,adql:REAL,pixel,i-band petrosian radius [pixel]
des_dr2.mag,petro_radius_r,adql:REAL,pixel,r-band petrosian radius [pixel]
des_dr2.mag,petro_radius_y,adql:REAL,pixel,y-band petrosian radius [pixel]
des_dr2.mag,petro_radius_z,adql:REAL,pixel,z-band petrosian radius [pixel]
des_dr2.mag,ra,adql:DOUBLE,degrees,"right ascension, with quantized precision for indexing (alphawin_j2000 has full precision but not indexed) [degrees]"
des_dr2.mag,tilename,adql:CHAR,,identifier of each one of the tiles on which the survey is gridded
des_dr2.mag,wavg_magerr_psf_g,adql:REAL,mag,"g-band uncertainty of weighted averaged magnitude, of psf fit single epoch detections [mag]"
des_dr2.mag,wavg_magerr_psf_i,adql:REAL,mag,"i-band uncertainty of weighted averaged magnitude, of psf fit single epoch detections [mag]"
des_dr2.mag,wavg_magerr_psf_r,adql:REAL,mag,"r-band uncertainty of weighted averaged magnitude, of psf fit single epoch detections [mag]"
des_dr2.mag,wavg_magerr_psf_y,adql:REAL,mag,"y-band uncertainty of weighted averaged magnitude, of psf fit single epoch detections [mag]"
des_dr2.mag,wavg_magerr_psf_z,adql:REAL,mag,"z-band uncertainty of weighted averaged magnitude, of psf fit single epoch detections [mag]"
des_dr2.mag,wavg_mag_psf_g,adql:REAL,mag,"g-band weighted average magnitude, of psf fit single epoch detections [mag]"
des_dr2.mag,wavg_mag_psf_i,adql:REAL,mag,"i-band weighted average magnitude, of psf fit single epoch detections [mag]"
des_dr2.mag,wavg_mag_psf_r,adql:REAL,mag,"r-band weighted average magnitude, of psf fit single epoch detections [mag]"
des_dr2.mag,wavg_mag_psf_y,adql:REAL,mag,"y-band weighted average magnitude, of psf fit single epoch detections [mag]"
des_dr2.mag,wavg_mag_psf_z,adql:REAL,mag,"z-band weighted average magnitude, of psf fit single epoch detections [mag]"
des_dr2.mag,xwin_image,adql:DOUBLE,pixel,x-centroid from windowed measurements on coadded image [pixel]
des_dr2.mag,ywin_image,adql:DOUBLE,pixel,y-centroid from windowed measurements on coadded image [pixel]
des_dr2.mag,g_r,adql:REAL,mag,G-R color
des_dr2.mag,r_i,adql:REAL,mag,R-I color
des_dr2.mag,i_z,adql:REAL,mag,I-Z color
des_dr2.mag,z_y,adql:REAL,mag,Z-Y color
